scenario,description,var_value,var_pct,var_change,var_change_pct,max_loss,max_loss_pct
Baseline,Historical VaR,22750.40647957022,2.275040647957022,,,,
Fed Rate Shock,Rapid increase in Fed Funds Rate,15003.328686699251,1.500332868669925,-7747.07779287097,-34.05248077579544,95194.37441917813,9.519437441917814
VIX Spike,Dramatic increase in market volatility,29152.302945364372,2.9152302945364372,6401.896465794151,28.139701466622274,111166.79389218919,11.11667938921892
Credit Stress,Widening credit spreads and banking stress,18004.944741291012,1.8004944741291014,-4745.461738279209,-20.858799786898825,98676.10900089722,9.867610900089723
Financial Crisis,Combined stress similar to 2008 financial crisis,32348.83050673545,3.234883050673545,9598.424027165227,42.190121023923574,115794.01764903191,11.57940176490319
Historical Worst,Combination of worst historical factor values,35781.795194417304,3.5781795194417305,13031.388714847082,57.27980608412082,119997.73623482895,11.999773623482895
