,Factor_1,Factor_2
SPX,0.12212215181867786,0.9925150779888313
US10YT=RR,0.9925150779888313,-0.12212215181867786
