scenario,var_value,es_value,var_pct,es_pct,max_loss,max_loss_pct
Baseline,20927.920177792905,32051.348779643893,2.0927920177792902,3.2051348779643893,215710.3155420827,21.57103155420827
Severe Market Crash,29252.39366381957,36981.4991281816,2.925239366381957,3.6981499128181596,62310.70643458647,6.231070643458647
Rate Shock,20638.722028323613,26104.02491468,2.063872202832361,2.610402491468,44014.479163118725,4.401447916311873
Liquidity Crisis,52723.645149389034,61365.04776117832,5.272364514938904,6.136504776117832,89683.96243783114,8.968396243783113
